name,Topic,Keep?,learnerCategory,Sorting ID,Depends On,Learning Objectives,subTopic,OSPO Relevance,about,abstract,accessibilitySummary,url,oss_role,audience,author,competencyRequired,contributor,creativeWorkStatus,dateCreated,dateModified,datePublished,description,educationalLevel,hasPart,identifier,inLanguage,isPartOf,Notes,keywords,learningResourceType,license,mentions,recordedAt,teaches,timeRequired,version,workTranslation,slug,@id
Building Community,Community,Keep candidate,Building Community,1,"Readers should already be familiar with OSS as a concept, and would benefit from having experience as a contributor.","Good overview of what good project maintenance looks like. Briefly touches on kind of everything, but isn't trying to go into real about anything.",Collaboration,Core,,"Discover how to foster a strong and inclusive community around your open source project. This guide covers effective communication, conflict resolution, and strategies to encourage contributor engagement and collaboration.",,https://opensource.guide/building-community/,"Community Manager, Governance","Developers, Leaders",GitHub,,,,,,,Building a healthy community helps your project thrive. Learn how to foster collaboration and inclusivity.,Intermediate,,,"English, Bulgarian/Български, Bengali/Bangla, German/Deutsch, Greek/Ελληνικά, Spanish/Español, Persian/Farsi, Hindi, French/Français, Indonesian, Hungarian/Magyar, Italian, Japanese/日本語, Korean/한국어, Chinese (Traditional)/繁體中文, Chinese (Simplified) / 简体中文, Turkish/Türkçe, Tamil/தமிழ், Russian/Русский, Swahili, Romanian, Portuguese, Polish, Nigerian Pidgin, Dutch, Malay",Open Source Guides,,"community, collaboration, inclusivity",Guide,CC-BY-4.0,These guides are available in over 20 languages.,,Foster inclusive and engaged open source communities,,,,building-community,https://education.ucospo.net/lessons/building-community
Leadership and Governance,Community,Keep candidate,Building Community,2,Strongly recommended: 2—Building Community,,Governance,Core,,"This guide outlines effective leadership and governance models for open source projects, emphasizing the importance of transparency, decision-making processes, and creating a structure that supports long-term project sustainability.","These guides are available in over 20 languages, helping global communities learn and lead in open source.",https://opensource.guide/leadership-and-governance/,Contributor,"Leaders, Maintainers",GitHub,,,,,,,Effective leadership and governance ensure long-term success for your open source project.,Advanced,,,"English, Chinese (Traditional)/繁體中文, Chinese (Simplified) / 简体中文, Italian, Turkish/Türkçe, Hungarian/Magyar, Tamil/தமிழ், French/Français, Swahili, Hindi, Russian/Русский, Romanian, Persian/Farsi, Portuguese, Spanish/Español, Greek/Ελληνικά, Polish, German/Deutsch, Nigerian Pidgin, Bengali/Bangla, Dutch, Bulgarian/Български, Malay, Indonesian, Japanese/日本語, Korean/한국어",Open Source Guides,,"leadership, governance, project management, community",Guide,CC-BY-4.0,These guides are available in over 20 languages.,,"How to design transparent governance structures, set project policies, and lead open source communities effectively.",,,,leadership-and-governance,https://education.ucospo.net/lessons/leadership-and-governance
Social Coding and Open Source Collaboration,"Community, Git/Beg. VCS",Keep candidate,Contributing to a Project,4,Readers should already be familiar with OSS as a concept,,,Core,,"This lesson introduces the concept of social coding, covering how to collaborate effectively on open-source projects using GitHub, and how to engage with the developer community.",,https://coderefinery.github.io/social-coding/,"Community Manager, Maintainer","Researchers, Open Source Contributors, Software Developers",CodeRefinery Team,Basic understanding of Git and GitHub,,active,2021-07-10T10:00:00+00:00,2023-04-15T14:40:12+00:00,2021-08-01T14:00:00+00:00,"This lesson explores social coding and open-source collaboration using platforms like GitHub. It covers contributing to projects, community engagement, and using social coding tools for collaborative development.",Intermediate,,https://coderefinery.github.io/social-coding/,English,CodeRefinery Open Source Collaboration Series,,"social coding, GitHub, open source, collaboration, developer community",Tutorial,https://creativecommons.org/licenses/by/4.0/,"GitHub, https://github.com, A platform for open source collaboration",,"The student will be able to collaborate on open source projects, contribute to GitHub repositories, and engage with the developer community.",,1.0.0,,social-coding-and-open-source-collaboration,https://education.ucospo.net/lessons/social-coding-and-open-source-collaboration
Writing Documentation for Software Projects,"Maintaining, Contributing",Keep candidate,Contributing to a Project,5,Requires Python! I recommend we link to this instead: https://www.writethedocs.org/guide/writing/beginners-guide-to-docs/,"Identify the role and benefits of documentation in research and software projects.
Describe different types of documentation (e.g., README, API reference, tutorials) and their purposes.
Recognize best practices for writing clear, accessible documentation.
List tools and formats commonly used for documentation (e.g., Markdown, reStructuredText, Sphinx).
Identify strategies for keeping documentation up to date.
Recognize how to involve community members in contributing to documentation.
Describe the relationship between documentation quality and project sustainability.",,Moderate,,"This tutorial covers best practices for writing documentation in software projects. It explains how to create clear, comprehensive, and user-friendly documentation using tools like Sphinx and Markdown.",,https://intersect-training.org/Documentation/,"Contributor, Maintainer","Developers, PhD Students, Technical Writers","Intersect Team, intersect@training.org","Markdown, basic understanding of software development",,active,2022-11-10T10:10:13+00:00,2023-01-15T12:50:12+00:00,2023-02-01T12:50:12+00:00,"This lesson teaches how to write effective software documentation, including API documentation, user guides, and installation instructions.",Intermediate,http://documentation-guide.io,,English,Software Development Essentials,general but highly important to open source,"documentation, Sphinx, Markdown, API documentation",Tutorial,https://creativecommons.org/licenses/by/4.0/,"Sphinx, https://www.sphinx-doc.org, A tool for generating documentation from reStructuredText.",,The student will be able to write comprehensive documentation for software projects using Sphinx and Markdown.,,1.0.2,,writing-documentation-for-software-projects,https://education.ucospo.net/lessons/writing-documentation-for-software-projects
Making Good Pull Requests,"Git/Beg. VCS, Contributing",Keep candidate,Contributing to a Project,6,13—Intro to Git,"Identify the purpose and workflow of a pull request (PR) in collaborative development.
Describe the key elements of a well-structured PR (e.g., clear description, relevant changes).
Recognize best practices for communicating effectively in PR discussions.
List common mistakes to avoid when submitting a PR.
Identify how to break large changes into smaller, reviewable PRs.
Describe the role of code review in improving quality and maintaining project standards.
Recognize the importance of linking PRs to related issues or documentation.",,High,,"This tutorial explains how to create good pull requests (PRs) in collaborative software development. It covers best practices for writing clear PR descriptions, committing changes, and communicating with project maintainers.",,https://intersect-training.org/Making-Good-PRs/,"Contributor, Maintainer","Developers, PhD Students, Open Source Contributors","Intersect Team, intersect@training.org","Git, version control",,active,2023-05-15T12:34:13+00:00,2023-07-20T16:14:12+00:00,2023-07-20T16:14:12+00:00,This lesson covers how to create high-quality pull requests for open source projects and collaborative software development teams.,Intermediate,http://good-pr-guide.io,,English,Open Source Collaboration Series,,"Git, pull requests, version control, collaboration",Tutorial,https://creativecommons.org/licenses/by/4.0/,"GitHub Pull Requests, https://github.com/pull-requests, GitHub's pull request feature",,The student will be able to create clear and well-structured pull requests for software projects.,,1.2.0,,making-good-pull-requests,https://education.ucospo.net/lessons/making-good-pull-requests
Issue Tracking with GitHub,Git/Beg. VCS,Keep candidate,Contributing to a Project,7,13—Intro to Git,"Identify the purpose of issue tracking in software and project management.
Describe common components of an issue (e.g., title, description, labels, assignee).
Recognize how to create clear, actionable issues.
List best practices for prioritizing and organizing issues.
Identify strategies for collaborating on issues within a team or community.
Describe how issue tracking supports project planning and sustainability.
Recognize the role of issue templates in standardizing contributions.",,Moderate,,"This tutorial introduces issue tracking for software development, focusing on using GitHub Issues to manage bugs, features, and project milestones.",,https://intersect-training.org/Issue-Tracking/,"Contributor, Maintainer","Developers, Project Managers, PhD Students","Intersect Team, intersect@training.org","GitHub, issue tracking systems",,active,2023-02-20T08:14:13+00:00,2023-06-18T15:54:12+00:00,2023-06-18T15:54:12+00:00,"This lesson covers the basics of issue tracking for software projects, including how to create, manage, and close issues on GitHub.",Intermediate,http://issue-tracking-guide.io,,English,Software Development Essentials,,"GitHub, issue tracking, project management, bugs, features",Tutorial,https://creativecommons.org/licenses/by/4.0/,"GitHub Issues, https://github.com/features/issues, GitHub's issue tracking feature",,The student will be able to manage issues in a software development project using GitHub Issues.,,1.3.0,,issue-tracking-with-github,https://education.ucospo.net/lessons/issue-tracking-with-github
Collaborative Git for Teams,"Git/Beg. VCS, Contributing",Keep candidate,Contributing to a Project,8,"13—Intro to Git, 14—How to Contribute to Open Source",,,Moderate,,"This lesson covers collaborative Git usage, including branching, merging, resolving conflicts, and setting up Git workflows for team collaboration.",,https://coderefinery.github.io/git-collaborative/,"Contributor, Maintainer","Researchers, Software Developers, PhD Students",CodeRefinery Team,"Git, version control",,active,2021-06-10T10:00:00+00:00,2023-03-01T14:40:12+00:00,2021-07-01T14:00:00+00:00,"This lesson explains how to use Git for collaborative software development, focusing on advanced Git techniques such as branching, merging, and conflict resolution.",Intermediate,,https://coderefinery.github.io/git-collaborative/,English,CodeRefinery Git Training Series,Keep Candidate for Git/Beg,"Git, version control, collaboration, branching, merging",Tutorial,https://creativecommons.org/licenses/by/4.0/,"GitHub, https://github.com, A popular platform for hosting Git repositories",,"The student will be able to use Git collaboratively, manage branches, resolve merge conflicts, and set up Git workflows for team projects.",,1.1.0,,collaborative-git-for-teams,https://education.ucospo.net/lessons/collaborative-git-for-teams
Collaboration in Open Research Projects,"Git/Beg. VCS, Community, Research",Keep candidate,Contributing to a Project,9,"This covers literally all of the same content as we're linking to for all Community/Contributing sections and most of the Maintaining section. Should we position this as an all-in-one alternative to the other sort of piecemeal resources, or... ? ",,,Core,,"This lesson focuses on collaboration in open science and research projects, introducing best practices for working in teams, sharing code, and managing contributions using Git and GitHub.",,https://book.the-turing-way.org/collaboration/collaboration,"Maintainer, Community Manager","Researchers, Open Science Contributors, Software Developers",The Turing Way Team,"Basic understanding of Git, GitHub, and collaborative work in research",,active,2020-04-01T09:00:00+00:00,2023-05-20T14:40:12+00:00,2020-05-01T14:00:00+00:00,"This lesson introduces collaboration in open research projects, focusing on using Git and GitHub to manage contributions, foster collaboration, and ensure transparency in research outputs.",Intermediate,,https://book.the-turing-way.org/collaboration/collaboration,English,The Turing Way,,"collaboration, Git, GitHub, open science, research",Guide,https://creativecommons.org/licenses/by/4.0/,"GitHub, https://github.com, A platform for hosting and sharing research code and projects",,"The student will be able to use Git and GitHub for collaborative research, manage contributions, and follow best practices for open science.",,1.0.0,,collaboration-in-open-research-projects,https://education.ucospo.net/lessons/collaboration-in-open-research-projects
 Python Packaging,"Packaging, Python",Keep candidate,Maintaining and Sustaining Software ,10,13 - Introduction to Git | 39 - Python Basics,"Identify the purpose and benefits of packaging Python code.
Describe the basic structure of a Python package (e.g., __init__.py, setup.py, pyproject.toml).
Recognize the role of metadata in package distribution.
List common tools used for packaging (e.g., setuptools, pip, build, twine).
Describe how to write and organize code for packaging.
Identify best practices for versioning and dependency management.
Recognize how to build and distribute a package to the Python Package Index (PyPI).",,Moderate,,"This lesson teaches how to create and publish packages in Python. We assume a basic understanding of Python, and assume learners are comfortable using simple commands in a Bash shell. ",,https://carpentries-incubator.github.io/python_packaging,"Contributor, Maintainer",,The Carpentries Incubator,,,pre-alpha,,,,,Intermediate,,https://github.com/carpentries-incubator/python_packaging,,,Pre-alpha lesson. Uses Carpentries lesson template.  ,english packaging pip python,,CC-BY,,,,,,,python-packaging,https://education.ucospo.net/lessons/python-packaging
Python Packaging for Beginners,"Packaging, Python",Keep candidate,Maintaining and Sustaining Software ,11,39 - Python Basics,"Learn about virtual environments;
Use a task runner to manage environments and run code;
Create and install a Python package;
Create and run a test;
Learn about publishing a package on PyPI;
Learn about the basics of setting up tests;
Learn about the basics of setting up static checks;
Learn how to write reports in the form of a vignette, using R Markdown.",,Moderate,http://edamontology.org/topic_3316,This tutorial covers packaging Python projects for distribution. It introduces key tools such as setuptools and explains how to create packages and publish them on PyPI.,,https://intersect-training.org/packaging/,"Contributor, Maintainer","Software Developers, PhD Students","Intersect Team, intersect@training.org","Python, setuptools",,active,2023-01-04T11:24:13+00:00,2023-08-04T19:34:12+00:00,2023-08-04T19:34:12+00:00,This lesson teaches the essential steps for packaging Python projects and publishing them on PyPI.,Intermediate,http://python-packaging-tutorial.io,,English,Python for Developers Series,,"Python, setuptools, PyPI, packaging",Tutorial,https://creativecommons.org/licenses/by/4.0/,"PyPI, https://pypi.org, Python Packaging Index",,The student will be able to package Python projects and upload them to PyPI.,,1.0.0,,python-packaging-for-beginners,https://education.ucospo.net/lessons/python-packaging-for-beginners
R Packaging,"Packaging, R",Keep candidate,Maintaining and Sustaining Software ,12,49 - Intermediate R | 40 - R Basics | 13 - Introduction to Git,"Understand what a package is; 
Understand why a package is useful;
Understand the tools used to create a package;
Install packages from other locations, such as GitHub;
Build, install and attach your own packages;
Learn how to add a license to a new R package;
Learn how to create a battery of basic tests;",,Moderate,,This workshop will provide you with the basics for writing your own packages in R.,,https://carpentries-incubator.github.io/lesson-R-packaging/,"Contributor, Maintainer",,The Carpentries Incubator,,,beta,,,,,,,https://github.com/carpentries-incubator/lesson-R-packaging,,,,lesson-materials lessons-page best-practices r,,CC-BY,,,,,,,r-packaging,https://education.ucospo.net/lessons/r-packaging
Introduction to Git,Git/Beg. VCS,Keep candidate,Contributing to a Project,13,,,,Moderate,,"This lesson introduces the basics of Git for version control, focusing on how to track changes, work with repositories, and manage a project‚Äôs history using Git.",,https://coderefinery.github.io/git-intro/,"Contributor, Maintainer","Beginners, Researchers, Software Developers",CodeRefinery Team,Basic understanding of the command line,,active,2021-04-10T10:00:00+00:00,2023-03-10T14:40:12+00:00,2021-05-01T14:00:00+00:00,"This lesson introduces Git, a distributed version control system, and teaches how to use it to track changes, collaborate on projects, and manage the history of a codebase.",Beginner,,https://coderefinery.github.io/git-intro/,English,CodeRefinery Git Training Series,,"Git, version control, repositories, project management",Tutorial,https://creativecommons.org/licenses/by/4.0/,"GitHub, https://github.com, A platform for hosting Git repositories",,"The student will be able to use Git for version control, create and manage repositories, and track changes in a project.",,1.0.0,,introduction-to-git,https://education.ucospo.net/lessons/introduction-to-git
How to Contribute to Open Source,Contributing,Keep candidate,Contributing to a Project,14,13 – Introduction to Git,,,Moderate,,This resource gives a broad overview of terms and processes important to understand as a new contributor. It also includes suggestions on how to find a project to contribute to. ,,https://opensource.guide/how-to-contribute/,,,,,,,,,,,,,,,,"Maybe not relevant for researchers, but useful for students as a self-guided entry point",,,,,,,,,,how-to-contribute-to-open-source,https://education.ucospo.net/lessons/how-to-contribute-to-open-source
Continuous Integration and Delivery with GitHub Actions,DevOps,Keep candidate,Maintaining and Sustaining Software ,15,13 - Introduction to Git | 10 - Python Packaging,"Distinguish between Continuous Integration (CI), Continuous Delivery, and Continuous Deployment.
Identify types of ""breaking changes"" in different development contexts.
Define deployment in the context of CI/CD and recognize real-world examples.
Apply CI/CD principles to automate workflows beyond code testing (e.g., notifications, data fetching).
Explain why GitHub Actions may be preferred for CI/CD in open-source projects.
Configure a basic CI pipeline using GitHub Actions for code testing and packaging.
Use a matrix strategy in CI to test across multiple Python versions and platforms.
Automate both building and publishing artifacts—like Python packages—using GitHub Actions.
Add and configure status badges to visualize CI/CD workflow health.",,High,,"This tutorial introduces continuous integration (CI) and continuous delivery (CD) practices in software development. It covers how to automate testing, building, and deployment using tools like GitHub Actions.",,https://intersect-training.org/CI-CD/,"Maintainer, Contributor","Software Developers, PhD Students, DevOps Engineers","Intersect Team, intersect@training.org","Git, CI/CD concepts, software development",,active,2023-01-25T10:50:13+00:00,2023-03-20T14:40:12+00:00,2023-04-01T14:40:12+00:00,This lesson covers how to set up continuous integration and continuous delivery pipelines for automated testing and deployment in software projects.,Intermediate,http://ci-cd-guide.io,,English,DevOps Essentials Series,,"CI, CD, continuous integration, continuous delivery, GitHub Actions, automation",Tutorial,https://creativecommons.org/licenses/by/4.0/,"GitHub Actions, https://github.com/features/actions, Automation for CI/CD on GitHub",,"The student will be able to set up CI/CD pipelines for their projects and automate tests, builds, and deployments.",,1.2.0,,continuous-integration-and-delivery-with-github-actions,https://education.ucospo.net/lessons/continuous-integration-and-delivery-with-github-actions
CI/CD for Research Software with GitLab CI,DevOps,Keep candidate,Maintaining and Sustaining Software ,16,13 - Introduction to Git | 10 - Python Packaging | 17 - Unit Testing and TDD in Python,,,Moderate,,This lesson introduces Continuous Integration and Continuous Delivery (CI/CD) practices with a focus on research software. It covers tools such as GitLab CI and explains how to automate testing and deployment.,,https://hsf-training.github.io/hsf-training-cicd/,"Maintainer, Contributor","Researchers, Software Developers, HPC Engineers",HSF Training Team,"Git, CI/CD concepts, research software development",,active,2020-11-01T09:00:00+00:00,2023-01-15T14:20:12+00:00,2021-01-05T14:00:00+00:00,"This lesson covers the implementation of CI/CD pipelines in research software projects, focusing on automating tests, builds, and deployments using GitLab CI.",Intermediate,,https://hsf-training.github.io/hsf-training-cicd/,English,HSF Training CI/CD Series,"Duplicates Line 9 resource: ""Continuous Integration and Delivery with GitHub Actions"", plus adds content (maybe too much?) - one should be removed","CI/CD, GitLab CI, continuous integration, continuous delivery, research software",Tutorial,https://creativecommons.org/licenses/by/4.0/,"GitLab CI, https://about.gitlab.com/stages-devops-lifecycle/continuous-integration/, A CI/CD tool for automating tests and deployments.",,The student will be able to set up and automate CI/CD pipelines for research software using GitLab CI.,,1.0.0,,cicd-for-research-software-with-gitlab-ci,https://education.ucospo.net/lessons/cicd-for-research-software-with-gitlab-ci
Unit Testing and TDD in Python,"Etc., Software Development Best Practices",Keep candidate,Maintaining and Sustaining Software ,17,48 - Intermediate Python,"Identify the purpose and benefits of testing in software development.
Describe different types of tests (e.g., unit tests, integration tests, functional tests).
Recognize common testing frameworks and tools (e.g., pytest, unittest).
List best practices for writing clear, maintainable tests.
Identify how to run tests locally and in automated environments.
Describe how testing fits into continuous integration workflows.
Recognize the role of testing in improving software quality and sustainability.",,Moderate,,"This tutorial introduces software testing, focusing on unit testing and test-driven development (TDD) in Python. It explains how to write tests, run them, and integrate them into the development process.",,https://intersect-training.org/testing/instructor/,"Maintainer, Contributor","Software Developers, PhD Students, Open Source Contributors","Intersect Team, intersect@training.org","Python, basic understanding of software development",,active,2023-02-18T09:22:13+00:00,2023-05-25T14:35:12+00:00,2023-06-01T14:35:12+00:00,"This lesson covers how to write and run unit tests in Python, including an introduction to test-driven development (TDD) and its benefits.",Intermediate,http://testing-guide.io,,English,Software Quality Assurance Series,,"testing, unit tests, Python, TDD",Tutorial,https://creativecommons.org/licenses/by/4.0/,"pytest, https://docs.pytest.org, A testing framework for Python",,The student will be able to write and run unit tests in Python and understand the principles of test-driven development.,,1.0.0,,unit-testing-and-tdd-in-python,https://education.ucospo.net/lessons/unit-testing-and-tdd-in-python
Starting an Open Source Project,Maintaining,Keep candidate,Maintaining and Sustaining Software ,18,13 - Introduction to Git | 33 - Understanding Software Licensing,,,Core,,"Learn the foundational steps for launching a successful open source project, from defining its purpose and choosing a license to setting up version control and creating a contributor-friendly environment.",,https://opensource.guide/starting-a-project/,"Contributor, Maintainer","Developers, Communities",GitHub,,,,,,,Launching a successful open source project involves more than just code. Start your journey here.,Beginner,,,"English, Chinese (Traditional)/繁體中文, Chinese (Simplified) / 简体中文, French/Français, Turkish/Türkçe, Persian/Farsi, Tamil/தமிழ், Spanish/Español, Swahili, Hindi, Russian/Русский, Hungarian/Magyar, Romanian, Bengali/Bangla, Portuguese, Bulgarian/Български, Polish, Nigerian Pidgin, German/Deutsch, Dutch, Greek/Ελληνικά, Malay, Japanese/日本語, Korean/한국어, Italian, Indonesian",Open Source Guides,,"starting, open source, launch",Guide,CC-BY-4.0,These guides are available in over 20 languages.,,,,,,starting-an-open-source-project,https://education.ucospo.net/lessons/starting-an-open-source-project
Finding Users for Your Project,Maintaining,Keep candidate,Maintaining and Sustaining Software ,19,18 - Starting an Open Source Project,,,Core,,"This guide explores strategies to attract and grow a user base for your open source project. It covers techniques such as improving discoverability, engaging with communities, and leveraging social platforms for outreach.",,https://opensource.guide/finding-users/,"Community Manager, User/Consumer","Developers, Communities",GitHub,,,,,,,Launching a successful open source project involves more than just code. Start your journey here.,Beginner,,,"English, Persian/Farsi, French/Français, Chinese (Traditional)/繁體中文, Chinese (Simplified) / 简体中文, Spanish/Español, Turkish/Türkçe, Greek/Ελληνικά, Tamil/தமிழ், German/Deutsch, Swahili, Bengali/Bangla, Russian/Русский, Bulgarian/Български, Romanian, Portuguese, Polish, Nigerian Pidgin, Dutch, Malay, Korean/한국어, Japanese/日本語, Italian, Indonesian, Hungarian/Magyar, Hindi",Open Source Guides,,"users, adoption, promotion",Guide,CC-BY-4.0,These guides are available in over 20 languages.,,,,,,finding-users-for-your-project,https://education.ucospo.net/lessons/finding-users-for-your-project
Metrics,Maintaining,Keep candidate,Maintaining and Sustaining Software ,20,18 - Starting an Open Source Project,,,Core,,"Understand the importance of tracking and analyzing metrics to evaluate the health and success of your open source project. This guide highlights key metrics, tools, and practices to monitor project activity and community growth.",,https://opensource.guide/metrics/,"Maintainer, Contributor","Developers, Maintainers",GitHub,,,,,,,Tracking the success of your project helps you make informed decisions and communicate impact effectively.,Intermediate,,,"English, Chinese (Traditional)/繁體中文, Chinese (Simplified) / 简体中文, Turkish/Türkçe, Greek/Ελληνικά, Spanish/Español, Persian/Farsi, French/Français, Tamil/தமிழ், German/Deutsch, Swahili, Russian/Русский, Bulgarian/Български, Romanian, Portuguese, Bengali/Bangla, Polish, Hindi, Nigerian Pidgin, Dutch, Malay, Korean/한국어, Japanese/日本語, Italian, Indonesian, Hungarian/Magyar",Open Source Guides,,"metrics, project success, impact",Guide,CC-BY-4.0,These guides are available in over 20 languages.,,,,,,metrics,https://education.ucospo.net/lessons/metrics
Best Practices for Maintainers,Maintaining,Keep candidate,Maintaining and Sustaining Software ,21,1 - Building Community | 7 - Issue Tracking with GitHub,,,Core,,"This guide provides essential practices for open source project maintainers to ensure sustainability, manage contributions effectively, and foster a welcoming project environment. Topics include documentation, issue tracking, and communication strategies.",,https://opensource.guide/best-practices/,"Maintainer, Community Manager","Individuals, Companies",GitHub,,,,,,,"Making your life easier as an open source maintainer, from documenting processes to leveraging your community.",Intermediate,,,"English, Bulgarian/Български, Bengali/Bangla, German/Deutsch, Greek/Ελληνικά, Spanish/Español, Indonesian, Hungarian/Magyar, Hindi, French/Français, Persian/Farsi, Italian, Chinese (Traditional)/繁體中文, Korean/한국어, Chinese (Simplified) / 简体中文, Japanese/日本語, Portuguese, Russian/Русский, Swahili, Tamil/தமிழ், Turkish/Türkçe, Romanian, Polish, Nigerian Pidgin, Dutch, Malay",Open Source Guides,,"best practices, maintainers, community",Guide,CC-BY-4.0,These guides are available in over 20 languages.,,,,,,best-practices-for-maintainers,https://education.ucospo.net/lessons/best-practices-for-maintainers
Effective Code Review,Maintaining,Keep candidate,Maintaining and Sustaining Software ,22,8 - Collaborative Git for Teams,"Identify the purpose and benefits of code review in collaborative software development.
Describe the typical workflow for conducting a code review.
Recognize best practices for giving constructive, actionable feedback.
List common pitfalls to avoid when reviewing code.
Identify how to prepare code for review to facilitate efficient feedback.
Describe the role of code review in maintaining project standards and quality.
Recognize how to use code review tools effectively within version control platforms.
",,High,,"This tutorial covers the principles and practices of code review, focusing on collaborative software development. It explains how to conduct code reviews effectively, provide feedback, and integrate changes.",,https://intersect-training.org/Code-Review/,"Maintainer, Contributor","Software Developers, PhD Students, Open Source Contributors","Intersect Team, intersect@training.org","Git, collaborative coding",,active,2023-04-12T10:45:13+00:00,2023-06-20T14:40:12+00:00,2023-06-20T14:40:12+00:00,"This lesson teaches best practices for conducting and participating in code reviews, emphasizing clear communication and collaborative problem solving.",Intermediate,http://code-review-guide.io,,English,Collaborative Development Series,,"code review, software development, feedback, Git",Tutorial,https://creativecommons.org/licenses/by/4.0/,"GitHub Code Review, https://github.com/features/code-review, GitHub's code review feature",,"The student will be able to conduct a code review, provide constructive feedback, and manage changes.",,1.1.0,,effective-code-review,https://education.ucospo.net/lessons/effective-code-review
Python Package Development Best Practices,"Packaging, Python",Keep candidate,Maintaining and Sustaining Software ,23,"11,12","Use conda to create an environment and install packages.
Set up credentials for GitHub.
Explain Python package structure.
Use the CMS CookieCutter to build a Python package.
Explain the purpose of version control.
Introduce common git commands.
Understand how to create a commit.
Understand how to view diffs and see previous versions of files.
Explain reasons to use GitHub.
Learn about collaboration models.
Learn what a fork is on GitHub
Learn how to open a pull request
Learn how to raise exceptions.
Understand how to follow PEP8 style for Python.
Understand what docstrings are and why they are important.
Learn to write docstrings in numpy style.
Break code into modules and subpackages based on functionality.
Understand how the __init__.py file affects your Python package.
Learn about type hinting in Python.
Learn the syntax to utilize type hinting in Python.
Explain in-code documentation
Explain documentation tools like Read The Docs
Explain the overall structure of testing.
Explain the reasons why testing is important.
Understand how to write tests using the pytest framework.
Explain the concept and benefits of continuous integration.
Introduce the GitHub Marketplace as a one-stop shop for continuous integration services.
Demonstrate how to setup continuous integration using GitHub Actions.
Familiarize learners with YAML configuration files.",,High,,"This lesson introduces best practices for developing Python packages, covering topics like structuring packages, writing tests, and managing dependencies for scientific software.",,https://education.molssi.org/python-package-best-practices/,"Contributor, Maintainer","Python Developers, Researchers, Software Engineers",MolSSI Education Team,Intermediate knowledge of Python and package management,,active,2020-10-01T09:00:00+00:00,2023-03-10T14:40:12+00:00,2020-11-01T14:00:00+00:00,"This lesson covers best practices for building Python packages, focusing on scientific software. It explains how to structure packages, write tests, manage dependencies, and distribute packages via PyPI.",Intermediate,,https://education.molssi.org/python-package-best-practices/,English,MolSSI Python Best Practices Series,intermediate experience scripting in Python;  lesson for how to make their scripts into a software package.  Lesson built around best practices from MolSSI ( computational molecular science),"Python, packaging, best practices, dependencies, testing, PyPI",Tutorial,https://creativecommons.org/licenses/by/4.0/,"PyPI, https://pypi.org, A repository for Python packages",,"The student will be able to structure Python packages, write tests, manage dependencies, and publish scientific software packages on PyPI.",,1.0.0,,python-package-development-best-practices,https://education.ucospo.net/lessons/python-package-development-best-practices
"Building Better Research Software
",Research,Keep candidate,Maintaining and Sustaining Software ,24,"10, 11, 23, 39 - This is a python based course
9, 13
36, 37

Course lists pre-requisites like version control in git and command line, but the course does cover the information with exercises for the student. ","For researchers wanting to adhere to FAIR practies.  Course provides code for exercises.
Introduce what FAIR means especially in relationship to code written for research purposes.
Course is comprehensive covering the research code lifecylce, describing good practices at each stage:
 Creating a github project (along with practices to help with version control); 
Practices to help with reproductibility (eg creating reproducible environment for other reseaerches, dependencies trees, VMs); 
Practices to annotate code to ensure that others can understand and use the code;
Code structure recommendations; Testing and Documentation practices",,Core,,"This short course is teaching tools and practices for producing and sharing quality, sustainable and FAIR (Findable, Accessible, Interoperable and Reusable) research software to support open and reproducible research. The course can be delivered over 2 full or 4 half days.",,https://carpentries-incubator.github.io/better-research-software/,"Contributor, Maintainer",,The Carpentries Incubator,,Todd ,pre-alpha,,,,,Intermediate,,https://carpentries-incubator.github.io/better-research-software,,,,english fair fair-software research-software,,CC-BY,,,,,,,building-better-research-software,https://education.ucospo.net/lessons/building-better-research-software
Reproducible Research,Research,Keep candidate,Maintaining and Sustaining Software ,25,"No programming experience needed.  It would be best for a student who has experience with research papers and research projects and wants to detailed understanding of terms and concepts, but that is not necessary.","Extremely comprehensive with detailed explanations on concepts related to Research Code, Data, LLM, Hardware.  It is not a class.  This would be useful as a resource for self sturdy for someone interested in get a overview of Research and  all aspects.  The examples illustrate the concepts but are detailed coding examples.  Students learn why Reproducible Research is important, policy issues around Reproducible Research, detailed definitions that are finely  parsed for different ascpects of research, use of git, licensing/IP discussions, research ethics, setting up pojects.
There are exercise using code provided for the class.",,High,,"This lesson introduces the concept of reproducible research, explaining best practices and tools to ensure that scientific results can be replicated by others.",,https://book.the-turing-way.org/reproducible-research/reproducible-research,"Contributor, Maintainer","Researchers, Open Science Contributors, Software Developers",The Turing Way Team,Basic understanding of research methodologies and tools for reproducibility,,active,2020-03-01T09:00:00+00:00,2023-06-20T14:40:12+00:00,2020-04-01T14:00:00+00:00,"This lesson covers the principles of reproducible research, including data management, version control, and the use of tools like Git to ensure that research can be replicated.",Intermediate,,https://book.the-turing-way.org/reproducible-research/reproducible-research,English,The Turing Way,,"reproducible research, version control, data management, open science",Guide,https://creativecommons.org/licenses/by/4.0/,"Git, https://git-scm.com, A version control tool for ensuring reproducibility in research projects",,"The student will be able to apply best practices for reproducible research, including using Git for version control and managing research data.",,1.0.0,,reproducible-research,https://education.ucospo.net/lessons/reproducible-research
Intermediate Research Software Development Skills (Python) Lesson Material,"Research, Python",Keep candidate,Maintaining and Sustaining Software ,26,"10, 11, 16, 17, 23, 48 - This is a python based course
9, 13
35, 37","This course is very coding/exercise based.  It meant to be practical course on how to construct reliable, readable, efficient research software in a collaborative environment. The course provides code examples demonstrating techniques followed by exercises.  Course is 8-10 half-day modules which is intensive and involves hands-on exercises.",,Moderate,,"This course aims to teach a core set of established, intermediate-level software development skills and best practices for working as part of a team in a research environment using Python as an example programming language (see detailed learning objectives below). ",,https://carpentries-incubator.github.io/python-intermediate-development/,"Contributor, Maintainer",,The Carpentries Incubator,,,beta,,,,,Intermediate,,https://github.com/carpentries-incubator/python-intermediate-development,,,Intermiediate python knowledge required; at minimum 6 months coding expereince.  Useful best practices for software dev. ,training training-materials software-development carpentry-lesson python software-engineering-research intermediate software-design,,CC-BY,,,,,,,intermediate-research-software-development-skills-python-lesson-material,https://education.ucospo.net/lessons/intermediate-research-software-development-skills-python-lesson-material
Introduction to Docker for Research  NOTE THIS IS NOW CALLED Introduction to Docker and Podman,"Research, DevOps",Keep candidate,Maintaining and Sustaining Software ,27,"36,37 for bonus episode",Vey basic for someone with little to no knowledge about containers. Learn what a container is; how it differs from a VM,,Moderate,,"This lesson introduces Docker, explaining how to create, manage, and share containerized applications. It covers the basics of Docker, its use in reproducible research, and how to create Docker images for software development.",,https://hsf-training.github.io/hsf-training-docker/index.html,"Contributor, Maintainer","Researchers, Software Developers, HPC Engineers",HSF Training Team,Basic understanding of software development and command line usage,,active,2020-10-01T09:00:00+00:00,2023-03-15T14:40:12+00:00,2020-11-01T14:00:00+00:00,"This lesson covers the fundamentals of Docker, including creating containers, managing Docker images, and using Docker for software reproducibility and deployment.",Beginner,,https://hsf-training.github.io/hsf-training-docker/index.html,English,HSF Training Series,,"Docker, containers, reproducibility, software deployment, research",Tutorial,https://creativecommons.org/licenses/by/4.0/,"Docker Hub, https://hub.docker.com, A repository for sharing and managing Docker images",,"The student will be able to create, manage, and share Docker containers for software development and reproducible research.",,1.0.0,,introduction-to-docker-for-research-note-this-is-now-called-introduction-to-docker-and-podman,https://education.ucospo.net/lessons/introduction-to-docker-for-research-note-this-is-now-called-introduction-to-docker-and-podman
Research Software Engineering with Python  Course,"Research, Python",Keep candidate,Maintaining and Sustaining Software ,28,"10, 11, 16, 17, 23, 48 - This is a python based course
9, 13
35, 37",Course is very long. Like that it includes differnet types of programs for use.  It is modular.   Covers much of what th eother cousres do.,,Moderate,,"This course provides training for Research Software Engineers (RSEs), covering best practices in software development, version control, testing, and project management for research software.",,https://alan-turing-institute.github.io/rse-course/html/index.html,"Contributor, Maintainer","Research Software Engineers, Researchers, Software Developers",The Alan Turing Institute,Basic understanding of research software development,,active,2020-08-01T09:00:00+00:00,2023-05-01T14:40:12+00:00,2020-09-01T14:00:00+00:00,"This course provides an overview of key skills for Research Software Engineers, including software design, version control with Git, testing with pytest, and project management.",Intermediate,,https://alan-turing-institute.github.io/rse-course/html/index.html,English,Research Software Engineering Course,,"research software, RSE, version control, testing, project management",Course,https://creativecommons.org/licenses/by/4.0/,"GitHub, https://github.com, A platform for hosting and sharing research code",,"The student will be able to apply software development best practices, use version control, write tests, and manage research software projects.",,1.0.0,,research-software-engineering-with-python-course,https://education.ucospo.net/lessons/research-software-engineering-with-python-course
Intermediate Python Development,Python,Keep candidate,Maintaining and Sustaining Software ,29,39 - Python Basics,"Inspect the structure and architecture of our software project.
Understand Model-View-Controller (MVC) architecture in software design and its use in our project.
Set up a Python virtual environment for our software project using venv and pip.
Run our software from the command line.
Set up a (virtual) development environment in an IDE
Use the IDE to run a Python script
Commit changes in a software project to a local repository and publish them in a remote repository on GitHub
Create branches for managing different threads of code development
Learn to use feature branch workflow to effectively collaborate with a team on a software project
Understand the benefits of following community coding conventions
Use code linting tools to verify a program’s adherence to a Python coding style convention.
Explain the reasons why testing is important
Describe the three main types of tests and what each are used for
Implement and run unit tests to verify the correct behaviour of program functions
Use parameterisation to automatically run tests over a set of inputs
Use code coverage to understand how much of our code is being tested using unit tests
Use continuous integration to automatically run unit tests and code coverage when changes are committed to a version control repository
Use a debugger to explore behaviour of a running program
Describe and identify edge and corner test cases and explain why they are important
Apply error handling and defensive programming techniques to improve robustness of a program
Describe the differences between writing code and engineering software.
Define the fundamental stages in a software development process.
Describe the different types of software requirements.
List the common aspects of software architecture and design.
Introduce appropriate abstractions to simplify code.
Understand the use of regressions tests to avoid breaking existing code when refactoring.
Analyse new code to identify Model, View, Controller aspects.
Understand the code review process and employ it to improve the quality of code.
Understand other documentation components and where they are useful
Describe the basic types of open source software licence
Describe the steps necessary for sharing Python code as installable packages.
Use established tools to track and manage software problems and enhancements in a team.
Conduct an assessment of software against suitability criteria
",,Moderate,,"This lesson is designed to teach intermediate Python development skills, covering best practices in software development, such as packaging, testing, and version control.",,https://carpentries-incubator.github.io/python-intermediate-development/,"Contributor, Maintainer","Python Developers, Researchers, Data Scientists",Carpentries Incubator Team,Basic Python programming skills,,active,2021-08-01T09:00:00+00:00,2023-02-15T14:40:12+00:00,2021-09-01T14:00:00+00:00,"This lesson covers intermediate Python development skills such as writing reusable code, using virtual environments, testing with pytest, and managing dependencies.",Intermediate,,https://carpentries-incubator.github.io/python-intermediate-development/,English,Carpentries Incubator Python Training Series,,"Python, software development, testing, virtual environments, packaging",Tutorial,https://creativecommons.org/licenses/by/4.0/,"pytest, https://docs.pytest.org, A testing framework for Python",,"Intermediate skills in collaborative research software development, including version control, testing, packaging, documentation, and sustainable coding practices using Python.",,1.0.0,,intermediate-python-development,https://education.ucospo.net/lessons/intermediate-python-development
Modular Programming with Python,Python,Keep candidate,Maintaining and Sustaining Software ,30,48 - Intermediate Python,"Know about pure functions (functions without side effects, functions which given same input always return same output).
Learn why and how to limit side effects of functions.
Discuss why and how to limit side effects of data. Also discuss when mutable data may be preferable.
Discuss why single-purpose functions are often preferred over multi-purpose functions.
Split-apply-combine, which lets you more easily parallelize. Make your code modular in a way that lets you split the steps and parallelize.
Understand how a command line interface to a code can improve usability and also make the code more versatile (to be combined with workflow management tools).
Connect modular code development to the remaining lessons (version control, testing, documentation, reusability).",,Moderate,,This lesson introduces the concept of modular programming in Python. It covers how to structure code into reusable modules and how to organize and test these modules for better maintainability and collaboration.,,https://coderefinery.github.io/modular-type-along/,"Contributor, Maintainer","Researchers, Software Developers, Data Scientists",CodeRefinery Team,Basic understanding of Python programming,,active,2020-05-15T10:00:00+00:00,2023-02-10T14:40:12+00:00,2020-06-01T14:00:00+00:00,"This lesson covers modular programming in Python, explaining how to write reusable code in modules, organize codebases, and test them to improve collaboration and maintainability.",Intermediate,,https://coderefinery.github.io/modular-type-along/,English,CodeRefinery Python Series,,"modular programming, Python, software development, collaboration",Tutorial,https://creativecommons.org/licenses/by/4.0/,"pytest, https://docs.pytest.org, A testing framework for Python",,"The student will be able to write modular Python code, organize it into reusable components, and test it for maintainability and collaboration.",,1.0.0,,modular-programming-with-python,https://education.ucospo.net/lessons/modular-programming-with-python
Testing and Test-Driven Development,Testing,Keep candidate,Maintaining and Sustaining Software ,31,39 - Python Basics,,,Core,,"This lesson introduces software testing, including automated testing, test-driven development, and unit testing, with a focus on Python.",,https://coderefinery.github.io/testing/,"Maintainer, Contributor","Researchers, Software Developers, PhD Students",CodeRefinery Team,"Python, basic understanding of software development",,active,2020-09-15T10:00:00+00:00,2023-01-10T14:40:12+00:00,2020-10-01T14:00:00+00:00,"This lesson covers how to write tests for your code, understand test-driven development, and use testing frameworks like pytest in Python.",Intermediate,"https://docs.pytest.org, pytest documentation",https://coderefinery.github.io/testing/,English,CodeRefinery Software Development Series,,"testing, test-driven development, Python, pytest",Tutorial,https://creativecommons.org/licenses/by/4.0/,"pytest, https://docs.pytest.org, Testing framework for Python",,The student will be able to write unit tests and apply test-driven development practices using pytest.,,2.0.0,,testing-and-test-driven-development,https://education.ucospo.net/lessons/testing-and-test-driven-development
Reproducible Computational Environments using Containers,DevOps,Keep candidate,Maintaining and Sustaining Software ,32,25 - Reproducible Research,,,Moderate,,"This session aims to introduce the use of Docker containers with the goal of using them to effect reproducible computational environments. Such environments are useful for ensuring reproducible research outputs, for example.",,https://carpentries-incubator.github.io/docker-introduction/,"Contributor, Maintainer",,The Carpentries Incubator,,,beta,,,,,,,https://github.com/carpentries-incubator/docker-introduction,English,,"Keep - but it would also be nice to have something more general re: Codespaces, GitPod, VS Code devcontainers ",docker english containers hacktoberfest,,CC-BY,,,,,,,reproducible-computational-environments-using-containers,https://education.ucospo.net/lessons/reproducible-computational-environments-using-containers
Understanding Software Licensing,Licensing,Keep candidate,Understanding Licensing & Compliance,33,No dependency,"IMPORTANT. There is an error in categorization.  

It is a good primer that can be used as a lesson plan or for self study. Covers IP law, what licenses are, differenty types of licenses, links to choose license resources.",,Core,,"This tutorial introduces the basics of software licensing, focusing on open-source licenses. It explains the different types of licenses, their implications, and how to apply them to software projects.",,https://intersect-training.org/software-licensing/,"IP, Governance","Developers, PhD Students, Open Source Contributors","Intersect Team, intersect@training.org",Understanding of software development and open source concepts,,active,2022-09-05T09:20:13+00:00,2023-01-10T14:30:12+00:00,2023-01-15T14:30:12+00:00,"This lesson provides an overview of common open-source software licenses, their conditions, and how to choose the right one for your project.",Intermediate,http://software-licensing-guide.io,,English,Open Source Essentials Series,This is in Beta.  It has a lot of information. It's dense. I would like to reveiw final before allow external use.  It is a candidate but not approved for distribution.  This will need to be supplemented with UC Policies.,"software licenses, open source, legal, GPL, MIT",Tutorial,https://creativecommons.org/licenses/by/4.0/,"GNU General Public License, https://www.gnu.org/licenses/gpl-3.0.en.html, A popular open-source license.",,The student will be able to identify different types of software licenses and apply the correct license to their project.,,1.0.1,,understanding-software-licensing,https://education.ucospo.net/lessons/understanding-software-licensing
Reproducibility Principles and Practices,"Community, Maintaining",,,34,,,,Core,,"There are myriad practices, often accompanied by software tools, that can help ensure research projects are reproducible. This overview workshop will help you decipher which to adopt and when to adopt them. The workshop also highlights additional benefits many of these practices confer, such as making it easier to collaborate with others. As an overview, this workshop is relatively non-technical, but provides technical references, including other DataLab workshops, for all of the practices covered.",,https://ucdavisdatalab.github.io/workshop_reproducible_research/chapters/index.html,,,Nick Ulle,,,,2024-09-19,,,,,,,English,,,,,,,,,,,,reproducibility-principles-and-practices,https://education.ucospo.net/lessons/reproducibility-principles-and-practices
Responsible Data Science,,,,35,,,,,,,,https://ucdavisdatalab.github.io/responsible-data-science/,,,,,,,,,,,,,,English,,,,,,,,,,,,responsible-data-science,https://education.ucospo.net/lessons/responsible-data-science
Introduction to Unix Command Line,,,,36,,,,,,,,https://ucdavisdatalab.github.io/workshop_introduction_to_the_command_line/,,,,,,,,,,,,,,English,,,,,,,,,,,,introduction-to-unix-command-line,https://education.ucospo.net/lessons/introduction-to-unix-command-line
Introduction to Version Control with Git. ,Git/Beg. VCS,,,37,,,,,,,,https://ucdavisdatalab.github.io/workshop_introduction_to_version_control/chapters/index.html,,,,,,,,,,,,,,English,,,,,,,,,,,,introduction-to-version-control-with-git,https://education.ucospo.net/lessons/introduction-to-version-control-with-git
Reproducible Research for Teams with GitHub,Git/Beg. VCS,,,38,,,,,,,,https://ucdavisdatalab.github.io/workshop_git_for_teams/chapters/index.html,,,,,,,,,,,,,,English,,,,,,,,,,,,reproducible-research-for-teams-with-github,https://education.ucospo.net/lessons/reproducible-research-for-teams-with-github
Python Basics,Python,,,39,,,,,,,,https://ucdavisdatalab.github.io/workshop_python_basics/chapters/index.html,,,,,,,,,,,,,,English,,,,,,,,,,,,python-basics,https://education.ucospo.net/lessons/python-basics
R Basics,,,,40,,,,,,,,https://ucdavisdatalab.github.io/workshop_r_basics/,,,,,,,,,,,,,,English,,,,,,,,,,,,r-basics,https://education.ucospo.net/lessons/r-basics
Overview of Databases and Data Storage,,,,41,,,,,,,,https://ucdavisdatalab.github.io/workshop_intro_to_databases/,,,,,,,,,,,,,,English,,,,,,,,,,,,overview-of-databases-and-data-storage,https://education.ucospo.net/lessons/overview-of-databases-and-data-storage
Introduction to SQL for Querying Databases,,,,42,,,,,,,,https://ucdavisdatalab.github.io/workshop_intro_to_sql/,,,,,,,,,,,,,,English,,,,,,,,,,,,introduction-to-sql-for-querying-databases,https://education.ucospo.net/lessons/introduction-to-sql-for-querying-databases
Principles of Data Visualization from PErception to Statistical Graphics,,,,43,,,,,,,,https://ucdavisdatalab.github.io/workshop_data_viz_principles/,,,,,,,,,,,,,,English,,,,,,,,,,,,principles-of-data-visualization-from-perception-to-statistical-graphics,https://education.ucospo.net/lessons/principles-of-data-visualization-from-perception-to-statistical-graphics
Intermediate Python: next-level Data Visualization,Python,,,44,,,,,,,,https://ucdavisdatalab.github.io/workshop_intermediate_python/chapters/05_viz.html,,,,,,,,,,,,,,English,,,,,,,,,,,,intermediate-python-next-level-data-visualization,https://education.ucospo.net/lessons/intermediate-python-next-level-data-visualization
Intermediate R: Next-level Data Visualization,,,,45,,,,,,,,https://ucdavisdatalab.github.io/workshop_intermediate_r/data-visualization-in-r.html,,,,,,,,,,,,,,English,,,,,,,,,,,,intermediate-r-next-level-data-visualization,https://education.ucospo.net/lessons/intermediate-r-next-level-data-visualization
Developing Your Data Science Portfolio,,,,46,,,,,,,,https://ucdavisdatalab.github.io/workshop_portfolios/,,,,,,,,,,,,,,English,,,,,,,,,,,,developing-your-data-science-portfolio,https://education.ucospo.net/lessons/developing-your-data-science-portfolio
Julia Basics,,,,47,,,,,,,,https://ucjug.github.io/workshop_julia_basics/chapters/index.html,,,,,,,,,,,,,,English,,,,,,,,,,,,julia-basics,https://education.ucospo.net/lessons/julia-basics
Intermediate Python,Python,,,48,,,,,,,,https://ucdavisdatalab.github.io/workshop_intermediate_python/chapters/index.html,,,,,,,,,,,,,,English,,,,,,,,,,,,intermediate-python,https://education.ucospo.net/lessons/intermediate-python
Intermediate R,,,,49,,,,,,,,https://ucdavisdatalab.github.io/workshop_intermediate_r/,,,,,,,,,,,,,,English,,,,,,,,,,,,intermediate-r,https://education.ucospo.net/lessons/intermediate-r
Overview of Remote and High Performance Computing (HPC),,,,50,,,,,,,,https://video.ucdavis.edu/media/Overview%20of%20Remote%20and%20High%20Performance%20Computing%20(HPC)%20-%202024-02-15/1_zulcobsl,,,,,,,,,,,,,,English,,,,,,,,,,,,overview-of-remote-and-high-performance-computing-hpc,https://education.ucospo.net/lessons/overview-of-remote-and-high-performance-computing-hpc
Introduction to Remote Computing,,,,51,,,,,,,,https://ucdavisdatalab.github.io/workshop_intro_to_remote_computing/chapters/index.html,,,,,,,,,,,,,,English,,,,,,,,,,,,introduction-to-remote-computing,https://education.ucospo.net/lessons/introduction-to-remote-computing
Introduction to Desktop GIS with QGIS,,,,52,,,,,,,,https://ucdavisdatalab.github.io/Intro-to-Desktop-GIS-with-QGIS/,,,,,,,,,,,,,,English,,,,,,,,,,,,introduction-to-desktop-gis-with-qgis,https://education.ucospo.net/lessons/introduction-to-desktop-gis-with-qgis
Spatial SQL with SpatiaLite,,,,53,,,,,,,,https://ucdavisdatalab.github.io/Spatial_SQL/,,,,,,,,,,,,,,English,,,,,,,,,,,,spatial-sql-with-spatialite,https://education.ucospo.net/lessons/spatial-sql-with-spatialite
Geocoding,,,,54,,,,,,,,https://github.com/ucdavisdatalab/geocoding-workshop/blob/master/README.md,,,,,,,,,,,,,,English,,,,,,,,,,,,geocoding,https://education.ucospo.net/lessons/geocoding
Coordinate Reference Systems,,,,55,,,,,,,,https://ucdavisdatalab.github.io/workshop_coordinate_reference_systems/,,,,,,,,,,,,,,English,,,,,,,,,,,,coordinate-reference-systems,https://education.ucospo.net/lessons/coordinate-reference-systems
Introduction to Basic Statistics with R,,,,56,,,,,,,,https://ucdavisdatalab.github.io/basic_stats_r_1/,,,,,,,,,,,,,,English,,,,,,,,,,,,introduction-to-basic-statistics-with-r,https://education.ucospo.net/lessons/introduction-to-basic-statistics-with-r
TESTING again,Packaging,,Building Community,,,,,Moderate,,,,,,Communities,,,,,,,,TEST again,,,,,,,,,,,,,,,,testing-again,https://education.ucospo.net/lessons/testing-again